protein_id,position,wt_aa,mut_aa,mutation,saprot_score,selection_group,selection_rank,mutant_id,gpsite_id,mutant_sequence
B4FLA3,35,G,I,G35I,-20.211286544799805,low_score,1,B4FLA3_G35I_low_score,B4FLA3_G35I_low_score,MSQNNPSQLLPSELIDRCIGSKIWVIMKGDKELVITLCGFDVYVNMVLEDVTEYEYTAEGRRITKLDQILLNGNNIAILVPGGSPPDV
B4FLA3,60,G,P,G60P,-19.6298828125,low_score,2,B4FLA3_G60P_low_score,B4FLA3_G60P_low_score,MSQNNPSQLLPSELIDRCIGSKIWVIMKGDKELVGTLCGFDVYVNMVLEDVTEYEYTAEPRRITKLDQILLNGNNIAILVPGGSPPDV
B4FLA3,35,G,T,G35T,-18.713396072387695,low_score,3,B4FLA3_G35T_low_score,B4FLA3_G35T_low_score,MSQNNPSQLLPSELIDRCIGSKIWVIMKGDKELVTTLCGFDVYVNMVLEDVTEYEYTAEGRRITKLDQILLNGNNIAILVPGGSPPDV
B4FLA3,60,G,I,G60I,-18.583709716796875,low_score,4,B4FLA3_G60I_low_score,B4FLA3_G60I_low_score,MSQNNPSQLLPSELIDRCIGSKIWVIMKGDKELVGTLCGFDVYVNMVLEDVTEYEYTAEIRRITKLDQILLNGNNIAILVPGGSPPDV
B4FLA3,35,G,L,G35L,-18.414897918701172,low_score,5,B4FLA3_G35L_low_score,B4FLA3_G35L_low_score,MSQNNPSQLLPSELIDRCIGSKIWVIMKGDKELVLTLCGFDVYVNMVLEDVTEYEYTAEGRRITKLDQILLNGNNIAILVPGGSPPDV
B4FLA3,35,G,M,G35M,-18.302095413208008,low_score,6,B4FLA3_G35M_low_score,B4FLA3_G35M_low_score,MSQNNPSQLLPSELIDRCIGSKIWVIMKGDKELVMTLCGFDVYVNMVLEDVTEYEYTAEGRRITKLDQILLNGNNIAILVPGGSPPDV
B4FLA3,60,G,W,G60W,-18.28929328918457,low_score,7,B4FLA3_G60W_low_score,B4FLA3_G60W_low_score,MSQNNPSQLLPSELIDRCIGSKIWVIMKGDKELVGTLCGFDVYVNMVLEDVTEYEYTAEWRRITKLDQILLNGNNIAILVPGGSPPDV
B4FLA3,60,G,M,G60M,-18.10698699951172,low_score,8,B4FLA3_G60M_low_score,B4FLA3_G60M_low_score,MSQNNPSQLLPSELIDRCIGSKIWVIMKGDKELVGTLCGFDVYVNMVLEDVTEYEYTAEMRRITKLDQILLNGNNIAILVPGGSPPDV
B4FLA3,35,G,Q,G35Q,-18.05426597595215,low_score,9,B4FLA3_G35Q_low_score,B4FLA3_G35Q_low_score,MSQNNPSQLLPSELIDRCIGSKIWVIMKGDKELVQTLCGFDVYVNMVLEDVTEYEYTAEGRRITKLDQILLNGNNIAILVPGGSPPDV
B4FLA3,60,G,L,G60L,-18.037389755249023,low_score,10,B4FLA3_G60L_low_score,B4FLA3_G60L_low_score,MSQNNPSQLLPSELIDRCIGSKIWVIMKGDKELVGTLCGFDVYVNMVLEDVTEYEYTAELRRITKLDQILLNGNNIAILVPGGSPPDV
B4FLA3,12,S,L,S12L,7.971789836883545,high_score,1,B4FLA3_S12L_high_score,B4FLA3_S12L_high_score,MSQNNPSQLLPLELIDRCIGSKIWVIMKGDKELVGTLCGFDVYVNMVLEDVTEYEYTAEGRRITKLDQILLNGNNIAILVPGGSPPDV
B4FLA3,38,C,L,C38L,5.535013675689697,high_score,2,B4FLA3_C38L_high_score,B4FLA3_C38L_high_score,MSQNNPSQLLPSELIDRCIGSKIWVIMKGDKELVGTLLGFDVYVNMVLEDVTEYEYTAEGRRITKLDQILLNGNNIAILVPGGSPPDV
B4FLA3,38,C,R,C38R,4.389362812042236,high_score,3,B4FLA3_C38R_high_score,B4FLA3_C38R_high_score,MSQNNPSQLLPSELIDRCIGSKIWVIMKGDKELVGTLRGFDVYVNMVLEDVTEYEYTAEGRRITKLDQILLNGNNIAILVPGGSPPDV
B4FLA3,38,C,K,C38K,3.9364075660705566,high_score,4,B4FLA3_C38K_high_score,B4FLA3_C38K_high_score,MSQNNPSQLLPSELIDRCIGSKIWVIMKGDKELVGTLKGFDVYVNMVLEDVTEYEYTAEGRRITKLDQILLNGNNIAILVPGGSPPDV
B4FLA3,84,S,E,S84E,3.7419557571411133,high_score,5,B4FLA3_S84E_high_score,B4FLA3_S84E_high_score,MSQNNPSQLLPSELIDRCIGSKIWVIMKGDKELVGTLCGFDVYVNMVLEDVTEYEYTAEGRRITKLDQILLNGNNIAILVPGGEPPDV
B4FLA3,12,S,I,S12I,3.267775774002075,high_score,6,B4FLA3_S12I_high_score,B4FLA3_S12I_high_score,MSQNNPSQLLPIELIDRCIGSKIWVIMKGDKELVGTLCGFDVYVNMVLEDVTEYEYTAEGRRITKLDQILLNGNNIAILVPGGSPPDV
B4FLA3,56,Y,I,Y56I,2.7569782733917236,high_score,7,B4FLA3_Y56I_high_score,B4FLA3_Y56I_high_score,MSQNNPSQLLPSELIDRCIGSKIWVIMKGDKELVGTLCGFDVYVNMVLEDVTEYEITAEGRRITKLDQILLNGNNIAILVPGGSPPDV
B4FLA3,17,R,K,R17K,2.5608441829681396,high_score,8,B4FLA3_R17K_high_score,B4FLA3_R17K_high_score,MSQNNPSQLLPSELIDKCIGSKIWVIMKGDKELVGTLCGFDVYVNMVLEDVTEYEYTAEGRRITKLDQILLNGNNIAILVPGGSPPDV
B4FLA3,33,L,I,L33I,2.3701047897338867,high_score,9,B4FLA3_L33I_high_score,B4FLA3_L33I_high_score,MSQNNPSQLLPSELIDRCIGSKIWVIMKGDKEIVGTLCGFDVYVNMVLEDVTEYEYTAEGRRITKLDQILLNGNNIAILVPGGSPPDV
B4FLA3,38,C,V,C38V,2.172492265701294,high_score,10,B4FLA3_C38V_high_score,B4FLA3_C38V_high_score,MSQNNPSQLLPSELIDRCIGSKIWVIMKGDKELVGTLVGFDVYVNMVLEDVTEYEYTAEGRRITKLDQILLNGNNIAILVPGGSPPDV
